host,method,N,mean,std,median,p95,p99
DESKTOP-9C0FFEP,SAW,1,9.951210000000001,9.264228760987068,9.2,9.6,18.701000000000022
DESKTOP-9C0FFEP,WPM,1,7.863860000000001,7.697361879267467,7.3,7.6,15.302000000000044
DESKTOP-9C0FFEP,TOPSIS,1,16.963209999999997,16.03084631252823,15.5,17.4,59.70100000000002
DESKTOP-9C0FFEP,NN-fp32,1,22.0718,18.97046901792362,19.7,24.1,83.10800000000017
DESKTOP-9C0FFEP,  infer-fp32,1,6.36738,6.0477337851132305,5.9,6.2,11.201000000000022
DESKTOP-9C0FFEP,NN-int8,1,22.12921,24.429573262255317,19.7,22.9,78.81100000000023
DESKTOP-9C0FFEP,  infer-int8,1,6.33942,7.026526742537881,5.9,6.2,10.401000000000023
DESKTOP-9C0FFEP,SAW,5,11.367989999999999,12.55211601125085,10.0,10.5,55.305000000000106
DESKTOP-9C0FFEP,WPM,5,9.36205,10.449803768372877,8.5,8.9,18.6
DESKTOP-9C0FFEP,TOPSIS,5,17.93974,14.507342648893353,16.5,17.8,60.90100000000002
DESKTOP-9C0FFEP,NN-fp32,5,24.689970000000002,19.94727686675803,22.2,27.3,88.4040000000001
DESKTOP-9C0FFEP,  infer-fp32,5,7.562729999999998,14.288542051136638,6.7,7.2,17.90100000000002
DESKTOP-9C0FFEP,NN-int8,5,24.57311,18.07251166628203,22.2,26.904999999999927,87.80300000000007
DESKTOP-9C0FFEP,  infer-int8,5,7.44821,10.702033675703884,6.8,7.4,11.9
DESKTOP-9C0FFEP,SAW,10,11.75581,13.806828102207255,10.5,11.4,42.20100000000002
DESKTOP-9C0FFEP,WPM,10,10.24146,13.150198442168087,9.4,9.8,15.0
DESKTOP-9C0FFEP,TOPSIS,10,18.959970000000002,17.003980492787566,17.3,18.7,59.02200000000048
DESKTOP-9C0FFEP,NN-fp32,10,26.36226,23.969756896814786,23.7,28.80499999999993,93.40200000000004
DESKTOP-9C0FFEP,  infer-fp32,10,8.55234,9.373964610793022,7.8,8.4,22.122000000000483
DESKTOP-9C0FFEP,NN-int8,10,26.41767,22.4830760077686,23.7,28.8,94.9040000000001
DESKTOP-9C0FFEP,  infer-int8,10,9.10942,14.72857315776379,7.8,8.9,31.904000000000085
DESKTOP-9C0FFEP,SAW,17,11.979610000000001,12.176777293188048,11.1,11.7,22.7
DESKTOP-9C0FFEP,WPM,17,11.937759999999999,10.649800194482523,10.8,11.5,38.50600000000013
DESKTOP-9C0FFEP,TOPSIS,17,19.938010000000002,12.383770840898986,18.5,19.5,69.70100000000002
DESKTOP-9C0FFEP,NN-fp32,17,28.459169999999997,15.987200252423811,26.0,31.3,92.90200000000004
DESKTOP-9C0FFEP,  infer-fp32,17,10.202290000000001,7.539352475902688,9.5,10.3,25.304000000000087
DESKTOP-9C0FFEP,NN-int8,17,29.263789999999997,21.94831501131465,26.2,32.6,120.12900000000063
DESKTOP-9C0FFEP,  infer-int8,17,10.80216,13.358170283927361,9.5,10.4,47.40100000000002
